[{"id":0,"name":"intro-2up.pdf","desc":"dsds","data":"Sun Nov 04 2018 23:01:32 GMT+0000 "},{"id":1,"name":"intro-2up.pdf","desc":"xzxz","data":"Sun Nov 04 2018 23:02:34 GMT+0000 "},{"id":2,"name":"intro-2up.pdf","desc":"<z<z","data":"Sun Nov 04 2018 23:02:45 GMT+0000 "},{"id":3,"name":"Novo Documento 2018-10-27 23.15.31.pdf","desc":"cxc","data":"Sun Nov 04 2018 23:03:23 GMT+0000 "},{"id":4,"name":"TS_TP1_Parte2.pdf","desc":"dsd","data":"Sun Nov 04 2018 23:05:41 GMT+0000 "},{"id":5,"name":"70-1-306-1-10-20100118.pdf","desc":"xzxz","data":"Sun Nov 04 2018 23:06:55 GMT+0000 "},{"id":6,"name":"indcca.py","desc":"ola","data":"Sun Nov 04 2018 23:07:22 GMT+0000 "},{"id":7,"name":"indcca.py","desc":"q","data":"Sun Nov 04 2018 23:08:47 GMT+0000 "},{"id":8,"name":"indcca.py","desc":"zxzx","data":"Sun Nov 04 2018 23:11:10 GMT+0000 "}]
