
            
            {
            
                 "id": " S. Sebastião ",
                   "desc": "
			 Povoado fortificado
		",
                   "lugar": " S. Sebastião ", 
                   "freguesia": " Atiães ",
                    "conselho": " Vila Verde " ,
                   "acesso": "",
                   "quadro": "O lugar de S. Sebastião corresponde a um pequeno outeiro de baixa altitude,
que se destaca bem no largo vale da Ribeira de Febros." ,
                   "descarq": "Trata-se de um pequeno povoado de baixa altitude, do mesmo género do  castro do Lago, em Amares. Está organizado em função
de uma única plataforma, situada na parte mais alta do monte. Na superfície
do cabeço encontram-se alguns fragmentos de cerâmica indígena e romanizada. " 
            }
            
            
        