
            
            {
            
                 "id": " Castelhão ",
                   "desc": "
			 Povoado fortificado
		",
                   "lugar": " Castelhão", 
                   "freguesia": " Barbudo ",
                    "conselho": " Vila Verde " ,
                   "acesso": "O acesso a este povoado pode fazer-se a partir do lugar de Barbudo.",
                   "quadro": "O povoado ocupa um pequeno outeiro, localizado na base da vertente SE do
Monte do Barbudo. Apesar da sua baixa altitude domina uma extensa área do
vale." ,
                   "descarq": "O monte possui boas defesas naturais asseguradas pelo escarpado das suas
vertentes. Nos lados oeste e noroeste conservam-se ainda vestígios de
fossos, bem como restos de fortificações que asseguravam a defesa desses
sectores do povoado. Na superfície do cabeço encontram-se fragmentos de
cerâmica e algumas pedras trabalhadas, que deixam adivinhar a existência de
construções nas plataformas. No entanto, não se observam quaisquer
alinhamentos coerentes." 
            }
            
            
        