
            
            {
            
                 "id": " Castro de Santa Engrácia ",
                   "desc": "
			 Povoado fortificado
		",
                   "lugar": " Castro de Santa Engrácia ", 
                   "freguesia": " Geme ",
                    "conselho": " Vila Verde " ,
                   "acesso": "O acesso faz-se a partir das povoações de Geme, ou de Esqueiros.",
                   "quadro": "O sítio onde assenta o  castro corresponde a um
monte, de altitude média, que se destaca bem no vale, definido pelos
terraços da Ribeira do Tojal, a Este e do Ribeiro de Silvares, a Norte e NE." ,
                   "descarq": "O monte encontra-se totalmente arborizado, facto que torna difícil a
observação de estruturas. O povoado parece estar bastante destruído, quer
pela vegetação, quer por sucessivos roubos de pedra. Actualmente é mesmo
impossível definir o número de linhas de muralhas que possuía." 
            }
            
            
        