
            
            {
            
                 "id": " S. Miguel-o-Anjo ",
                   "desc": " Aras;  Miliário
		",
                   "lugar": " S. Miguel-o-Anjo ", 
                   "freguesia": " Prozelo ",
                    "conselho": " Amares " ,
                   "acesso": "",
                   "quadro": "Procedentes do lugar de S. Miguel-o-Anjo, junto à capela do Anjo da Guarda,
são conhecidas duas  aras. No largo da capela
existe ainda um  miliário, que serve de
cruzeiro e que se encontra deslocado. " ,
                   "descarq": "Ara 1: ara em granito anepígrafa. Encontra-se actualmente recolhida na
capela. Quer a parte superior, quer a inferior são molduradas: a superior,
por uma série de cinco  frisos; a inferior possui
apenas dois. Em cima observam-se vestígios do foculus. Dimensões:
60x26x20(31); campo epigráfico: 25x26.

Ara 2: ara em granito, com inscrição. Encontra-se no Museu dos Biscainhos,
em Braga. A peça está bastante degradada. O seu lado direito foi alterado
provavelmente por uma reutilização. Na parte superior são visíveis restos do
foculus. Em baixo, existem vestígios de um soco, sob duas molduras que orlam
a parte inferior da peça. Dimensões: 81,5x27x26; campo epigráfico: 41x23,5;
letras: 5,5.

.../ CAND / EBERO / NIO CA / EDVRA / DIO

A Candeberónio Cedurádio
 " 
            }
            
            
        