
            
            {
            
                 "id": " Cruzeiro do Pilar",
                   "desc": "
			 Miliário
		",
                   "lugar": " Lugar de Pilar ", 
                   "freguesia": " Fiscal ",
                    "conselho": " Amares " ,
                   "acesso": " O  miliário está no lugar de Pilar,
entre S. Miguel de Fiscal e S. Martinho de Carrazedo, servindo como base de
um cruzeiro.",
                   "quadro": "" ,
                   "descarq": "
			 Miliário epigrafado, encimado por
uma cruz. Altura: 166; diâmetro: 29; letras: 8.


[IMP]P(eratori). CAE[S(ari).M(arco)] / AVR(elio). CA[RO] / P(io) F(elici)
I(nvicto) [AVG(usto)] / P(ontifici) M(aximo)...

Ao Imperador César Marco Aurélio Caro, Pio, Feliz, Invicto, Augusto,
Pontífex Máximo..." 
            }
            
            
        