
            
            {
            
                 "id": " Ponte de Vizela ",
                   "desc": "
			Ponte
		",
                   "lugar": " Ponte de Vizela ", 
                   "freguesia": " Vinhós ",
                    "conselho": " Fafe " ,
                   "acesso": "Por C.M. 1649 que parte da E. N. 207, sobre o rio Vizela, entre Travassos e
Vinhós. ",
                   "quadro": "" ,
                   "descarq": "Pontão ou poldra em granito. A base de apoio apresenta feição medieval, ou
quanto muito dos inícios da Idade Moderna. A passadeira, sem guardas, é
relativamente recente. Está em bom estado de conservação. " 
            }
            
            
        