
            
            {
            
                 "id": " Paranhos (S. Lourenço de); Monte de Santa Cruz ",
                   "desc": "Necrópole megalítica",
                   "lugar": " Lugar de Paranhos de Cima ", 
                   "freguesia": " Paranhos (S. Lourenço) e Vilela ",
                    "conselho": " Amares " ,
                   "acesso": "Faz-se a partir da estrada que liga Paranhos ao alto do planalto do Monte de
Santa Cruz. ",
                   "quadro": "O planalto correspondente a um contraforte da Serra do Gerês, situado na
margem esquerda do rio Homem. É uma zona de vegetação predominantemente
arbustiva e herbácea, embora já se notem as manchas de eucaliptos de
introdução recente, ao lado de resquícios de carvalhos e sobreiros." ,
                   "descarq": "Neste planalto foram identificados três monumentos com tumulus, todos eles
violados, de câmara simples e com dimensões que oscilam entre os 8m e os 17m
de diâmetro." 
            }
            
            
        