
            
            {
            
                 "id": " Monte de Riba; Bouça do Senhor ",
                   "desc": "
			 Necrópole megalítica ",
                   "lugar": " Argande ", 
                   "freguesia": " Monte ",
                    "conselho": " Fafe " ,
                   "acesso": "Faz-se a partir C. M. 1637. ",
                   "quadro": "Chã planáltica entre o Monte de Riba e a Bouça do Senhor, pertencente à
bacia hidrográfica do rio Ave." ,
                   "descarq": "Conjunto de quatro  mamoas de dimensões médias,
com cerca de 10 a 15m de diâmetro, todas violadas. " 
            }
            
            
        