
            
            {
            
                 "id": " Pedra Sentada ",
                   "desc": " Monumento megalítico ",
                   "lugar": " Malhadouro ", 
                   "freguesia": " Várzea Cova ",
                    "conselho": " Fafe " ,
                   "acesso": "Faz-se pela E. N. 304 que liga Couforco com a Lagoa. ",
                   "quadro": "Zona acidentada, entre Pedra Sentada e o Marco Geodésico do
Malhadouro." ,
                   "descarq": "
			 Mamoa com sinais da câmara funerária, que
apresenta vestígios de dois esteios. " 
            }
            
            
        