
            
            {
            
                 "id": " Poços Salgueiros ",
                   "desc": " Necrópole megalítica ",
                   "lugar": " Poços Salgueiros ", 
                   "freguesia": " Travassós ",
                    "conselho": " Fafe " ,
                   "acesso": "Até à Castanheira pelo C.M. 1643, depois, por estrada florestal que
atravessa todo o planalto de Santa Marinha. ",
                   "quadro": "Extensa chã planáltica pertencente à bacia hidrográfica do rio Ave.." ,
                   "descarq": "Duas pequenas  mamoas já violadas e
semi-destruídas, certamente pertencente à mesma necrópole que a  mamoa do Monte de Santa
Marinha." 
            }
            
            
        