
            
            {
            
                 "id": " Penedos Pintos ",
                   "desc": " Monumento megalítico ",
                   "lugar": " Coutada do Professor ", 
                   "freguesia": " Estorãos ",
                    "conselho": " Fafe " ,
                   "acesso": "Junto à E.N. 614 (Estorãos-Aboim), 300m abaixo do cruzamento da Cruz de
Canelhas. ",
                   "quadro": "Zona planáltica, integrada na bacia do rio Vizela." ,
                   "descarq": "Grande  mamoa, com cerca de 20m de diâmetro, por
cerca 2,50m de altura. O monumento apresenta forte depressão central,
indicador de violação da câmara. O estado de conservação é medíocre." 
            }
            
            
        