
            
            {
            
                 "id": " Santar ",
                   "desc": " Igreja ",
                   "lugar": " Santar ", 
                   "freguesia": " Santar ",
                    "conselho": " Arcos de Valdevez " ,
                   "acesso": "Junto à aldeia de Santar. O acesso faz-se por estrada municipal a partir da
estrada nacional EN.202-1 (um ramal que liga as EN.101 - Arcos a Ponte da
Barca e EN.202 - Arcos a Ponte de Lima). O monumento não está sinalizado.",
                   "quadro": "" ,
                   "descarq": "Nas paredes laterais da  ábsideda igreja
paroquial de Santa Maria de Santar, que foi vigararia de apresentação da
Comenda de Távora, conservam-se, bastante mutilados, alguns  modilhões que compunham o coroamento das paredes da
edificação românica, profundamente alterada por sucessivas remodelações e
ampliações posteriores." 
            }
            
            
        