
            
            {
            
                 "id": " Queijeiros ",
                   "desc": "
			 Povoado fortificado
		",
                   "lugar": " Queijeiros ", 
                   "freguesia": " Abade de Neiva ",
                    "conselho": " Barcelos " ,
                   "acesso": "O acesso faz-se pela E. N. 103, aproximadamente ao Km 15, no lado esquerdo
da estrada.",
                   "quadro": "O povoado localiza-se numa pequena elevação situada numa zona agrícola,
relativamente plana e bem irrigada por diversos cursos de água." ,
                   "descarq": "Nos lados Norte e Oeste do cabeço são ainda visíveis restos de uma
fortificação, feita com pedras não aparelhadas. Na superfície recolhem-se
alguns fragmentos de  tégulas e pedras
dispersas, provenientes da destruição de estruturas. No entanto, não se
observam quaisquer alinhamentos de muros. O povoado parece ter possuído
apenas uma plataforma, podendo, portanto, ser considerado como povoado
proto-histórico de baixa altitude, semelhante ao povoado de Lago, em
Amares." 
            }
            
            
        