
            
            {
            
                 "id": " Ponte do Rodeiro ",
                   "desc": " Ponte ",
                   "lugar": " Rodeiro ", 
                   "freguesia": " Castro Laboreiro ",
                    "conselho": " Melgaço " ,
                   "acesso": "No sítio de "Os Colados", no termo da "branda" do Rodeiro, cerca de 3 kms a
Nordeste de Castro Laboreiro. O acesso faz-se a pé (cerca de 5 minutos)
desde o lugar de Rodeiro, onde se chega por estradão municipal alcatroado a
partir da EN.202-3. O monumento não está sinalizado.",
                   "quadro": "" ,
                   "descarq": "Ponte sobre o rio Laboreiro, de um arcode volta
perfeita alicerçado na rocha granítica que aflora nas margens, através de
paramentos de  aparelho rude em mamposteria de
calhaus graníticos mal afeiçoados e miúdos. O aro do arco, que cobre um triedrosuperior a 6 metros de comprimento e quase 5
metros de altura, apresenta um  aparelho mais
cuidado, observando-se no intradorso os orifícios para encaixe do cimbre. O
tabuleiro, em cavalete muito pouco pronunciado, é lajeado e guarnecido por
guardas pétreas, tem de largura menos de 3 metros e vence um triedrototal superior a 8 metros. Encontra-se
razoavelmente conservada." 
            }
            
            
        