
            
            {
            
                 "id": " Paredes ",
                   "desc": " Ponte; Calçada ",
                   "lugar": " Ponte Velha ", 
                   "freguesia": " Salto ",
                    "conselho": " Montalegre " ,
                   "acesso": "Sobre a Corga de Caniçó, a menos de 500 metros para Sul da aldeia de
Paredes. O acesso faz-se a pé (cerca de 10 minutos), por caminho carreteiro,
a partir da aldeia de Paredes. A esta acede-se por estradão de terra batida,
a partir da estrada municipal que liga Salto a Ruivães por Zebral. O
monumento não está sinalizado.",
                   "quadro": "" ,
                   "descarq": "Entre Caniçó e Torrinheiras conserva-se o traçado da via medieval que dava
ligação a  cabeceiras de Basto. Até à Senhora
dos Aflitos e sobretudo nas proximidades da aldeia de Paredes, conservam-se
amplos troços de via lajeada, com 2,5m de largura média. Passa sobre a Corga
de Caniçó, a cerca de 300 metros para Sul de Paredes, através de uma ponte
de pedra de tradição arquitectónica medieval, com tabuleiro em cavalete
sobre um arcode volta perfeita, bem aparelhado com
 silhares. Exceptuando a ponte, que necessita
ser limpa e restaurada, a calçada e a envolvência paisagística, com relevo
para o tradicional ordenamento agrário da veiga, apresentam-se muito bem
conservadas." 
            }
            
            
        