
            
            {
            
                 "id": " Lago ",
                   "desc": "
			 Povoado fortificado
		",
                   "lugar": " Lago ", 
                   "freguesia": " Lago ",
                    "conselho": " Amares " ,
                   "acesso": "O acesso a este povoado faz-se a partir do lugar de Lago,
 por caminho carreteiro, que contorna os lados Oeste e Sul do
monte.",
                   "quadro": "O povoado do Lago assenta num pequeno cabeço de baixa altitude, sobranceiro
ao rio.
Possui boas defesas naturais e destaca-se bem na superfície suavemente
ondulada da plataforma fluvial." ,
                   "descarq": "O povoado possui uma única plataforma poligonal irregular, circundada, pelo
menos no lado Oeste, por uma muralha de pedra,
 à qual se associa um fosso, escavado na base da vertente." 
            }
            
            
        