
            
            {
            
                 "id": " Vade S. Tomé ",
                   "desc": " Igreja ",
                   "lugar": " Igreja ", 
                   "freguesia": " Vade S.Tomé ",
                    "conselho": " Ponte da Barca " ,
                   "acesso": "No lugar da igreja. O acesso faz-se por curto caminho de terra batida desde
o largo do cruzeiro, servido pela estrada municipal que liga à estrada
nacional EN.101. O monumento não está sinalizado.",
                   "quadro": "" ,
                   "descarq": "Nas paredes Norte da  nave e da capela-mor da
igreja paroquial de Vade S. Tomé conservam-se vestígios
arquitectónico-decorativos  românicos,
respectivamente parte da cachorrada com modilhões esculturados e troços do entabelamento da  cornija com decoração
enxaquetada. É o que resta da edificação medieval, profundamente alterada
por sucessivas remodelações, em relação à qual não se conhece qualquer
referência ou documento coevo que permita conhecer melhor a sua
história." 
            }
            
            
        