[{"titulo":"TPC","desc":"Fazer o tpc de daw","data":"2018-10-05","tipo":"Urgente","id":"1","eliminado":"nao"},{"titulo":"Carro","desc":"Levar carro ao mecanico","data":"2018-10-04","tipo":"Muito Urgente","id":"2","eliminado":"nao"},{"titulo":"Compras","desc":"Comprar Leite","data":"2018-10-01","tipo":"Pouco Urgente","id":"3","eliminado":"sim"},{"titulo":"Compras","desc":"Comprar um telemovel","data":"2018-10-02","tipo":"Muito Urgente","id":"4","eliminado":"sim"},{"titulo":"Compras","desc":"Comprar Leite","data":"2018-10-18","tipo":"Muito Urgente","id":"5","eliminado":"nao"}]
