[
	{
		"id": "m18",
		"title": "12 de Abril"
	},
	{
		"id": "m3",
		"title": "1989"
	},
	{
		"id": "m28",
		"title": "Abba Mia"
	},
	{
		"id": "m131",
		"title": "Alvamar Overture"
	},
	{
		"id": "m21",
		"title": "António Nogueira"
	},
	{
		"id": "m2",
		"title": "Armindo Alves"
	},
	{
		"id": "m7",
		"title": "Avé Maria"
	},
	{
		"id": "m47",
		"title": "Bailar em Nespereira"
	},
	{
		"id": "m35",
		"title": "Bands Around the World"
	},
	{
		"id": "m27",
		"title": "Canções da Tradição"
	},
	{
		"id": "m13",
		"title": "Casa de S. Paulo"
	},
	{
		"id": "m20",
		"title": "Cassiopeia"
	},
	{
		"id": "m32",
		"title": "Cavalaria Ligeira"
	},
	{
		"id": "m15",
		"title": "Caçadores do I"
	},
	{
		"id": "m8",
		"title": "Corpo Místico"
	},
	{
		"id": "m26",
		"title": "Cycles and Myths"
	},
	{
		"id": "m23",
		"title": "Fate of the Gods"
	},
	{
		"id": "m14",
		"title": "Filarmonia"
	},
	{
		"id": "m50",
		"title": "Harmonique"
	},
	{
		"id": "m31",
		"title": "Highlights from 'Chess'"
	},
	{
		"id": "m36",
		"title": "Hispânico"
	},
	{
		"id": "m5",
		"title": "Holiday in Rio"
	},
	{
		"id": "m1",
		"title": "Homenagem a J. Serra"
	},
	{
		"id": "m17",
		"title": "Homenagem a Vila Verde"
	},
	{
		"id": "m16",
		"title": "Homenagem ao Dr Manuel Vaz"
	},
	{
		"id": "m11",
		"title": "Invocação a Deus"
	},
	{
		"id": "m4",
		"title": "Manuel Joaquim ALmeida"
	},
	{
		"id": "m22",
		"title": "Marcha Eslava"
	},
	{
		"id": "m43",
		"title": "Marcha Radetzky"
	},
	{
		"id": "m45",
		"title": "Momentos Menores"
	},
	{
		"id": "m33",
		"title": "Paquito Chocolatero"
	},
	{
		"id": "m42",
		"title": "Pilatus: Mountain of Dragons"
	},
	{
		"id": "m25",
		"title": "Português Suave"
	},
	{
		"id": "m29",
		"title": "Ross Roy"
	},
	{
		"id": "m46",
		"title": "Santana"
	},
	{
		"id": "m10",
		"title": "Senhora Nossa"
	},
	{
		"id": "m41",
		"title": "Sonhos de Portugal"
	},
	{
		"id": "m12",
		"title": "São Bento"
	},
	{
		"id": "m6",
		"title": "São Martinho"
	},
	{
		"id": "m9",
		"title": "Súplica"
	},
	{
		"id": "m49",
		"title": "Tannhauser Ouverture"
	},
	{
		"id": "m19",
		"title": "Tarântula"
	},
	{
		"id": "m48",
		"title": "Transfiguração"
	},
	{
		"id": "m24",
		"title": "Vamos à Romaria"
	},
	{
		"id": "m44",
		"title": "Vila Franca"
	},
	{
		"id": "m34",
		"title": "Xabia"
	},
	{
		"id": "m40",
		"title": "Xutos Medley"
	}
]
